ts,value,time_ms,time_s
1575297600.8472884,32.0,14:40:00.847288,14:40:00
1575297600.8974195,32.0,14:40:00.897419,14:40:00
1575297600.9475474,32.0,14:40:00.947547,14:40:00
1575297603.153125,32.0,14:40:03.153125,14:40:03
1575297603.2032554,32.0,14:40:03.203255,14:40:03
1575297603.2533894,32.0,14:40:03.253389,14:40:03
1575297629.2768288,32.0,14:40:29.276829,14:40:29
1575297629.3269494,32.0,14:40:29.326949,14:40:29
1575297629.377073,32.0,14:40:29.377073,14:40:29
1575297862.4886913,32.0,14:44:22.488691,14:44:22
1575297862.538817,32.0,14:44:22.538817,14:44:22
1575297862.58895,32.0,14:44:22.588950,14:44:22
1575298018.3961198,32.0,14:46:58.396120,14:46:58
1575298018.4462452,32.0,14:46:58.446245,14:46:58
1575298018.4963686,32.0,14:46:58.496369,14:46:58
1575298018.546495,32.0,14:46:58.546495,14:46:58
1575298018.5966148,32.0,14:46:58.596615,14:46:58
1575298019.5991235,32.0,14:46:59.599123,14:46:59
1575298019.6492438,32.0,14:46:59.649244,14:46:59
1575298331.27148,48.0,14:52:11.271480,14:52:11
1575298331.321601,48.0,14:52:11.321601,14:52:11
1575298331.3717177,48.0,14:52:11.371718,14:52:11
1575298331.4218724,48.0,14:52:11.421872,14:52:11
1575298331.8253427,48.0,14:52:11.825343,14:52:11
1575298331.8754914,32.0,14:52:11.875491,14:52:11
1575298331.9256124,48.0,14:52:11.925612,14:52:11
1575298331.9772835,32.0,14:52:11.977283,14:52:11
1575298332.0274026,32.0,14:52:12.027403,14:52:12
1575298340.8029866,32.0,14:52:20.802987,14:52:20
1575298340.8534436,32.0,14:52:20.853444,14:52:20
1575298340.9036493,32.0,14:52:20.903649,14:52:20
1575298342.2085922,32.0,14:52:22.208592,14:52:22
1575298342.2587247,32.0,14:52:22.258725,14:52:22
1575298342.3088572,32.0,14:52:22.308857,14:52:22
1575298355.7461483,32.0,14:52:35.746148,14:52:35
1575298355.7963927,80.0,14:52:35.796393,14:52:35
1575298355.8465233,80.0,14:52:35.846523,14:52:35
1575298355.896736,80.0,14:52:35.896736,14:52:35
1575298355.9468627,48.0,14:52:35.946863,14:52:35
1575298355.9969876,32.0,14:52:35.996988,14:52:35
1575298356.0471187,32.0,14:52:36.047119,14:52:36
1575298356.3478658,32.0,14:52:36.347866,14:52:36
1575298356.3979876,32.0,14:52:36.397988,14:52:36
1575298356.5580614,32.0,14:52:36.558061,14:52:36
1575298357.5609913,32.0,14:52:37.560991,14:52:37
1575298357.6111138,32.0,14:52:37.611114,14:52:37
1575298357.661243,32.0,14:52:37.661243,14:52:37
1575298359.4166934,32.0,14:52:39.416693,14:52:39
1575298359.4668176,32.0,14:52:39.466818,14:52:39
1575298359.5169888,32.0,14:52:39.516989,14:52:39
1575298368.9939132,32.0,14:52:48.993913,14:52:48
1575298369.044171,32.0,14:52:49.044171,14:52:49
1575298369.0946133,32.0,14:52:49.094613,14:52:49
1575298423.1199698,32.0,14:53:43.119970,14:53:43
1575298423.1701176,32.0,14:53:43.170118,14:53:43
1575298423.220244,32.0,14:53:43.220244,14:53:43
1575298423.2703652,32.0,14:53:43.270365,14:53:43
1575298423.3204875,32.0,14:53:43.320487,14:53:43
1575298423.5711567,32.0,14:53:43.571157,14:53:43
1575298423.6212974,48.0,14:53:43.621297,14:53:43
1575298423.6714199,48.0,14:53:43.671420,14:53:43
1575298423.7215462,64.0,14:53:43.721546,14:53:43
1575298423.7716722,64.0,14:53:43.771672,14:53:43
1575298423.821808,64.0,14:53:43.821808,14:53:43
1575298423.871946,64.0,14:53:43.871946,14:53:43
1575298423.9220767,64.0,14:53:43.922077,14:53:43
1575298423.9722009,64.0,14:53:43.972201,14:53:43
1575298424.0223231,64.0,14:53:44.022323,14:53:44
1575298424.0724466,64.0,14:53:44.072447,14:53:44
1575298424.1225913,64.0,14:53:44.122591,14:53:44
1575298424.3231258,32.0,14:53:44.323126,14:53:44
1575298424.3732655,32.0,14:53:44.373266,14:53:44
1575298424.4233975,48.0,14:53:44.423398,14:53:44
1575298424.4736967,48.0,14:53:44.473697,14:53:44
1575298424.5238528,48.0,14:53:44.523853,14:53:44
1575298424.5739856,48.0,14:53:44.573986,14:53:44
1575298424.6241145,32.0,14:53:44.624115,14:53:44
1575298424.8247426,48.0,14:53:44.824743,14:53:44
1575298424.874884,48.0,14:53:44.874884,14:53:44
1575298424.925007,48.0,14:53:44.925007,14:53:44
1575298424.9751365,32.0,14:53:44.975137,14:53:44
1575298425.9780762,32.0,14:53:45.978076,14:53:45
1575298426.1089785,24.0,14:53:46.108979,14:53:46
1575298426.9937172,32.0,14:53:46.993717,14:53:46
1575298427.1486769,32.0,14:53:47.148677,14:53:47
1575298427.3562315,32.0,14:53:47.356231,14:53:47
1575298427.4773102,32.0,14:53:47.477310,14:53:47
1575298427.9468622,48.0,14:53:47.946862,14:53:47
1575298428.08539,32.0,14:53:48.085390,14:53:48
1575298428.7395287,32.0,14:53:48.739529,14:53:48
1575298428.789896,32.0,14:53:48.789896,14:53:48
1575298428.8400154,32.0,14:53:48.840015,14:53:48
1575298431.69689,32.0,14:53:51.696890,14:53:51
1575298431.747017,32.0,14:53:51.747017,14:53:51
1575298431.7971342,32.0,14:53:51.797134,14:53:51
1575298431.8472574,32.0,14:53:51.847257,14:53:51
1575298431.8973866,32.0,14:53:51.897387,14:53:51
1575298431.9475102,32.0,14:53:51.947510,14:53:51
1575298432.2983384,64.0,14:53:52.298338,14:53:52
1575298432.3484664,64.0,14:53:52.348466,14:53:52
1575298432.3985975,80.0,14:53:52.398597,14:53:52
1575298432.4487267,80.0,14:53:52.448727,14:53:52
1575298432.4988554,80.0,14:53:52.498855,14:53:52
1575298432.548988,80.0,14:53:52.548988,14:53:52
1575298432.59911,64.0,14:53:52.599110,14:53:52
1575298432.64923,64.0,14:53:52.649230,14:53:52
1575298432.6993518,48.0,14:53:52.699352,14:53:52
1575298432.7494721,48.0,14:53:52.749472,14:53:52
1575298432.799594,48.0,14:53:52.799594,14:53:52
1575298432.8497193,48.0,14:53:52.849719,14:53:52
1575298432.8998485,48.0,14:53:52.899848,14:53:52
1575298432.9499722,48.0,14:53:52.949972,14:53:52
1575298433.0000994,48.0,14:53:53.000099,14:53:53
1575298433.0502205,48.0,14:53:53.050220,14:53:53
1575298433.100342,32.0,14:53:53.100342,14:53:53
1575298433.150485,32.0,14:53:53.150485,14:53:53
1575298433.2006052,32.0,14:53:53.200605,14:53:53
1575298433.2507234,32.0,14:53:53.250723,14:53:53
1575298433.6017153,32.0,14:53:53.601715,14:53:53
1575298433.6518369,32.0,14:53:53.651837,14:53:53
1575298433.7019868,32.0,14:53:53.701987,14:53:53
1575298433.7521124,32.0,14:53:53.752112,14:53:53
1575298433.8022313,32.0,14:53:53.802231,14:53:53
1575298433.8523538,32.0,14:53:53.852354,14:53:53
1575298433.9024744,32.0,14:53:53.902474,14:53:53
1575298433.9525962,32.0,14:53:53.952596,14:53:53
1575298434.0027173,32.0,14:53:54.002717,14:53:54
1575298434.0528393,32.0,14:53:54.052839,14:53:54
1575298435.5067427,32.0,14:53:55.506743,14:53:55
1575298578.9604418,32.0,14:56:18.960442,14:56:18
1575298579.0105696,32.0,14:56:19.010570,14:56:19
1575298579.060692,32.0,14:56:19.060692,14:56:19
1575298579.9630234,32.0,14:56:19.963023,14:56:19
1575298580.0131447,32.0,14:56:20.013145,14:56:20
1575298580.0632699,32.0,14:56:20.063270,14:56:20
1575298580.8653162,32.0,14:56:20.865316,14:56:20
1575298580.9154394,32.0,14:56:20.915439,14:56:20
1575298643.033898,32.0,14:57:23.033898,14:57:23
1575298643.0840256,32.0,14:57:23.084026,14:57:23
1575298727.5278287,32.0,14:58:47.527829,14:58:47
1575298727.6773815,32.0,14:58:47.677382,14:58:47
1575298728.7715313,32.0,14:58:48.771531,14:58:48
1575298728.8216536,24.0,14:58:48.821654,14:58:48
1575298752.5334582,48.0,14:59:12.533458,14:59:12
1575298752.5858614,48.0,14:59:12.585861,14:59:12
1575298752.649545,48.0,14:59:12.649545,14:59:12
1575298752.7013721,48.0,14:59:12.701372,14:59:12
1575298752.7561324,32.0,14:59:12.756132,14:59:12
1575298753.1574614,32.0,14:59:13.157461,14:59:13
1575298753.20752,32.0,14:59:13.207520,14:59:13
1575298753.257757,32.0,14:59:13.257757,14:59:13
1575298753.307883,32.0,14:59:13.307883,14:59:13
1575298753.358009,32.0,14:59:13.358009,14:59:13
1575298754.1788056,32.0,14:59:14.178806,14:59:14
1575298754.2289267,32.0,14:59:14.228927,14:59:14
1575298755.181691,32.0,14:59:15.181691,14:59:15
1575298755.231819,32.0,14:59:15.231819,14:59:15
1575298755.281986,32.0,14:59:15.281986,14:59:15
1575298760.596094,32.0,14:59:20.596094,14:59:20
1575298760.6462195,32.0,14:59:20.646219,14:59:20
1575298760.6963418,32.0,14:59:20.696342,14:59:20
1575298774.3601313,32.0,14:59:34.360131,14:59:34
1575298774.4103422,32.0,14:59:34.410342,14:59:34
1575298774.4604688,32.0,14:59:34.460469,14:59:34
1575298774.711118,32.0,14:59:34.711118,14:59:34
1575298774.7612426,32.0,14:59:34.761243,14:59:34
1575298774.8113675,32.0,14:59:34.811368,14:59:34
1575298774.8614998,32.0,14:59:34.861500,14:59:34
1575298779.2738662,32.0,14:59:39.273866,14:59:39
1575298779.3239892,32.0,14:59:39.323989,14:59:39
1575298779.374111,32.0,14:59:39.374111,14:59:39
1575298779.4244778,32.0,14:59:39.424478,14:59:39
1575298780.377123,48.0,14:59:40.377123,14:59:40
1575298780.427267,48.0,14:59:40.427267,14:59:40
1575298780.477399,48.0,14:59:40.477399,14:59:40
1575298780.5275426,48.0,14:59:40.527543,14:59:40
1575298781.1290445,32.0,14:59:41.129045,14:59:41
1575298781.1791651,48.0,14:59:41.179165,14:59:41
1575298781.2292926,48.0,14:59:41.229293,14:59:41
1575298781.279425,48.0,14:59:41.279425,14:59:41
1575298781.3295465,48.0,14:59:41.329546,14:59:41
1575298781.3796651,48.0,14:59:41.379665,14:59:41
1575298781.4297874,48.0,14:59:41.429787,14:59:41
1575298781.479919,48.0,14:59:41.479919,14:59:41
1575298781.5300524,48.0,14:59:41.530052,14:59:41
1575298781.5801756,48.0,14:59:41.580176,14:59:41
1575298840.4198134,32.0,15:00:40.419813,15:00:40
1575298840.4714568,32.0,15:00:40.471457,15:00:40
1575298840.521583,32.0,15:00:40.521583,15:00:40
1575298840.5717127,32.0,15:00:40.571713,15:00:40
1575298841.624509,32.0,15:00:41.624509,15:00:41
1575298841.6746385,32.0,15:00:41.674639,15:00:41
1575298841.7247612,32.0,15:00:41.724761,15:00:41
1575298841.7748895,32.0,15:00:41.774889,15:00:41
1575298842.9320815,32.0,15:00:42.932081,15:00:42
1575298842.9822087,32.0,15:00:42.982209,15:00:42
1575298843.0323243,32.0,15:00:43.032324,15:00:43
1575298843.0824509,32.0,15:00:43.082451,15:00:43
1575298843.132619,32.0,15:00:43.132619,15:00:43
1575298843.533922,80.0,15:00:43.533922,15:00:43
1575298843.5840476,80.0,15:00:43.584048,15:00:43
1575298843.6343744,80.0,15:00:43.634374,15:00:43
1575298843.6844945,64.0,15:00:43.684494,15:00:43
1575298843.7346148,32.0,15:00:43.734615,15:00:43
1575298844.0854864,32.0,15:00:44.085486,15:00:44
1575298844.1356075,32.0,15:00:44.135607,15:00:44
1575298844.1857274,32.0,15:00:44.185727,15:00:44
1575298844.5867805,32.0,15:00:44.586781,15:00:44
1575298844.638314,32.0,15:00:44.638314,15:00:44
1575298844.7636745,24.0,15:00:44.763674,15:00:44
1575298846.5007527,32.0,15:00:46.500753,15:00:46
1575298846.560533,32.0,15:00:46.560533,15:00:46
1575298846.7151835,32.0,15:00:46.715183,15:00:46
1575298847.2342336,32.0,15:00:47.234234,15:00:47
1575298847.352493,32.0,15:00:47.352493,15:00:47
1575298847.4817138,32.0,15:00:47.481714,15:00:47
1575298847.6990118,32.0,15:00:47.699012,15:00:47
1575298848.3708045,32.0,15:00:48.370805,15:00:48
1575298848.4210448,32.0,15:00:48.421045,15:00:48
1575298848.4711714,32.0,15:00:48.471171,15:00:48
1575298848.5213134,32.0,15:00:48.521313,15:00:48
1575298848.571437,64.0,15:00:48.571437,15:00:48
1575298848.6215596,64.0,15:00:48.621560,15:00:48
1575298848.67169,64.0,15:00:48.671690,15:00:48
1575298848.7218142,48.0,15:00:48.721814,15:00:48
1575298849.6242142,32.0,15:00:49.624214,15:00:49
1575298849.674338,32.0,15:00:49.674338,15:00:49
1575298850.0252616,32.0,15:00:50.025262,15:00:50
1575298850.0753887,32.0,15:00:50.075389,15:00:50
1575298850.1255145,32.0,15:00:50.125515,15:00:50
1575298850.1756394,32.0,15:00:50.175639,15:00:50
1575298850.2257652,32.0,15:00:50.225765,15:00:50
1575298851.278443,32.0,15:00:51.278443,15:00:51
1575298851.3286266,32.0,15:00:51.328627,15:00:51
1575298851.3797688,32.0,15:00:51.379769,15:00:51
1575298951.9815438,32.0,15:02:31.981544,15:02:31
1575298952.0316734,48.0,15:02:32.031673,15:02:32
1575298952.081798,48.0,15:02:32.081798,15:02:32
1575298952.1319244,48.0,15:02:32.131924,15:02:32
1575298952.1820714,48.0,15:02:32.182071,15:02:32
1575298952.232204,32.0,15:02:32.232204,15:02:32
1575298952.2823286,32.0,15:02:32.282329,15:02:32
1575298952.3324547,32.0,15:02:32.332455,15:02:32
1575298952.5831242,64.0,15:02:32.583124,15:02:32
1575298952.6332483,64.0,15:02:32.633248,15:02:32
1575298952.6833694,64.0,15:02:32.683369,15:02:32
1575298952.7336574,32.0,15:02:32.733657,15:02:32
1575298952.783784,32.0,15:02:32.783784,15:02:32
1575298952.833911,32.0,15:02:32.833911,15:02:32
1575298952.8840387,32.0,15:02:32.884039,15:02:32
1575298952.9342124,32.0,15:02:32.934212,15:02:32
1575298954.439518,32.0,15:02:34.439518,15:02:34
1575298967.5762367,32.0,15:02:47.576237,15:02:47
1575298967.7105849,32.0,15:02:47.710585,15:02:47
1575298968.5393822,48.0,15:02:48.539382,15:02:48
1575298968.5895028,64.0,15:02:48.589503,15:02:48
1575298968.6416032,64.0,15:02:48.641603,15:02:48
1575298968.6942616,64.0,15:02:48.694262,15:02:48
1575298968.7443984,48.0,15:02:48.744398,15:02:48
1575298968.7945447,32.0,15:02:48.794545,15:02:48
1575298968.8446705,32.0,15:02:48.844671,15:02:48
1575298968.8947985,32.0,15:02:48.894799,15:02:48
1575298968.9449408,32.0,15:02:48.944941,15:02:48
1575298969.2457495,32.0,15:02:49.245749,15:02:49
1575298969.2958794,32.0,15:02:49.295879,15:02:49
1575298969.3460054,48.0,15:02:49.346005,15:02:49
1575298969.3961337,32.0,15:02:49.396134,15:02:49
1575298969.4462678,32.0,15:02:49.446268,15:02:49
1575298991.506892,32.0,15:03:11.506892,15:03:11
1575298991.557051,32.0,15:03:11.557051,15:03:11
1575298991.607177,32.0,15:03:11.607177,15:03:11
1575298991.6573372,32.0,15:03:11.657337,15:03:11
1575298997.4229298,32.0,15:03:17.422930,15:03:17
1575298997.4730506,32.0,15:03:17.473051,15:03:17
1575298997.5240133,32.0,15:03:17.524013,15:03:17
1575298997.574238,32.0,15:03:17.574238,15:03:17
1575298997.6243615,32.0,15:03:17.624362,15:03:17
1575298998.5347676,32.0,15:03:18.534768,15:03:18
1575298998.5849,32.0,15:03:18.584900,15:03:18
1575298998.6350293,32.0,15:03:18.635029,15:03:18
1575298999.7377276,48.0,15:03:19.737728,15:03:19
1575298999.787867,48.0,15:03:19.787867,15:03:19
1575298999.841156,48.0,15:03:19.841156,15:03:19
1575298999.8912945,48.0,15:03:19.891294,15:03:19
1575299000.2922785,32.0,15:03:20.292279,15:03:20
1575299000.342411,32.0,15:03:20.342411,15:03:20
1575299000.3925376,32.0,15:03:20.392538,15:03:20
1575299000.8436494,48.0,15:03:20.843649,15:03:20
1575299000.8937829,48.0,15:03:20.893783,15:03:20
1575299000.9439082,48.0,15:03:20.943908,15:03:20
1575299000.9940686,48.0,15:03:20.994069,15:03:20
1575299137.2297025,32.0,15:05:37.229702,15:05:37
1575299137.2798235,32.0,15:05:37.279824,15:05:37
1575299137.3299456,32.0,15:05:37.329946,15:05:37
1575299137.3800695,32.0,15:05:37.380069,15:05:37
1575299138.3323276,32.0,15:05:38.332328,15:05:38
1575299138.382449,32.0,15:05:38.382449,15:05:38
1575299138.4325712,32.0,15:05:38.432571,15:05:38
1575299138.4826894,32.0,15:05:38.482689,15:05:38
1575299138.53281,32.0,15:05:38.532810,15:05:38
1575299139.1342258,32.0,15:05:39.134226,15:05:39
1575299139.1843429,32.0,15:05:39.184343,15:05:39
1575299139.2344625,32.0,15:05:39.234462,15:05:39
1575299420.8666847,32.0,15:10:20.866685,15:10:20
1575299420.9168086,32.0,15:10:20.916809,15:10:20
1575299420.966938,32.0,15:10:20.966938,15:10:20
1575299433.0007586,32.0,15:10:33.000759,15:10:33
1575299433.0508955,32.0,15:10:33.050895,15:10:33
1575299433.10103,32.0,15:10:33.101030,15:10:33
1575299433.602275,32.0,15:10:33.602275,15:10:33
1575299433.652409,32.0,15:10:33.652409,15:10:33
1575299433.7025385,32.0,15:10:33.702538,15:10:33
1575299433.7526734,32.0,15:10:33.752673,15:10:33
1575299438.7664225,32.0,15:10:38.766423,15:10:38
1575299438.8165965,32.0,15:10:38.816597,15:10:38
1575299439.2678938,32.0,15:10:39.267894,15:10:39
1575299439.3180635,32.0,15:10:39.318063,15:10:39
1575299439.3681946,32.0,15:10:39.368195,15:10:39
1575299439.4183679,32.0,15:10:39.418368,15:10:39
1575299446.2385726,32.0,15:10:46.238573,15:10:46
1575299446.298638,32.0,15:10:46.298638,15:10:46
1575299447.1665168,32.0,15:10:47.166517,15:10:47
1575299447.2539384,48.0,15:10:47.253938,15:10:47
1575299447.8246968,48.0,15:10:47.824697,15:10:47
1575299447.8842573,48.0,15:10:47.884257,15:10:47
1575299448.0532315,32.0,15:10:48.053231,15:10:48
1575299448.654841,32.0,15:10:48.654841,15:10:48
1575299448.7049725,32.0,15:10:48.704973,15:10:48
1575299448.7551064,32.0,15:10:48.755106,15:10:48
1575299448.8052368,32.0,15:10:48.805237,15:10:48
1575299448.8553705,32.0,15:10:48.855371,15:10:48
1575299448.9055064,32.0,15:10:48.905506,15:10:48
1575299449.657652,32.0,15:10:49.657652,15:10:49
1575299449.7078269,32.0,15:10:49.707827,15:10:49
1575299449.757957,32.0,15:10:49.757957,15:10:49
1575299449.8081205,32.0,15:10:49.808120,15:10:49
1575299449.8582466,32.0,15:10:49.858247,15:10:49
1575299545.991566,32.0,15:12:25.991566,15:12:25
1575299546.0422134,32.0,15:12:26.042213,15:12:26
1575299546.0923464,32.0,15:12:26.092346,15:12:26
1575299768.0079415,32.0,15:16:08.007941,15:16:08
1575299768.0580695,32.0,15:16:08.058069,15:16:08
1575299768.1081975,32.0,15:16:08.108197,15:16:08
1575299768.55932,32.0,15:16:08.559320,15:16:08
1575299768.6094382,32.0,15:16:08.609438,15:16:08
1575299768.6595738,32.0,15:16:08.659574,15:16:08
1575299768.7097044,32.0,15:16:08.709704,15:16:08
1575299768.7598274,32.0,15:16:08.759827,15:16:08
1575299809.02965,32.0,15:16:49.029650,15:16:49
1575299809.0799866,32.0,15:16:49.079987,15:16:49
1575299809.130117,32.0,15:16:49.130117,15:16:49
1575299809.1854866,32.0,15:16:49.185487,15:16:49
1575299809.2356186,32.0,15:16:49.235619,15:16:49
1575299810.0376756,32.0,15:16:50.037676,15:16:50
1575299810.087806,48.0,15:16:50.087806,15:16:50
1575299810.1379485,48.0,15:16:50.137949,15:16:50
1575299810.1880767,32.0,15:16:50.188077,15:16:50
1575299811.0403922,32.0,15:16:51.040392,15:16:51
1575299811.0905402,32.0,15:16:51.090540,15:16:51
1575299811.1406758,32.0,15:16:51.140676,15:16:51
1575299811.190807,32.0,15:16:51.190807,15:16:51
1575299813.5972571,32.0,15:16:53.597257,15:16:53
1575299813.6473804,32.0,15:16:53.647380,15:16:53
1575299814.249086,32.0,15:16:54.249086,15:16:54
1575299814.299216,32.0,15:16:54.299216,15:16:54
1575299814.349345,32.0,15:16:54.349345,15:16:54
1575299814.3994722,32.0,15:16:54.399472,15:16:54
1575299814.4496047,32.0,15:16:54.449605,15:16:54
1575299814.8507087,32.0,15:16:54.850709,15:16:54
1575299814.9008512,32.0,15:16:54.900851,15:16:54
1575299815.2016904,32.0,15:16:55.201690,15:16:55
1575299815.2518275,32.0,15:16:55.251827,15:16:55
1575299815.3019614,32.0,15:16:55.301961,15:16:55
1575299815.3521008,32.0,15:16:55.352101,15:16:55
1575299815.4022408,32.0,15:16:55.402241,15:16:55
1575299815.4523735,32.0,15:16:55.452374,15:16:55
1575299815.8534374,32.0,15:16:55.853437,15:16:55
1575299815.9035833,32.0,15:16:55.903583,15:16:55
1575299815.9537272,32.0,15:16:55.953727,15:16:55
1575299816.0040064,32.0,15:16:56.004006,15:16:56
1575299914.6865823,32.0,15:18:34.686582,15:18:34
1575299914.7367508,32.0,15:18:34.736751,15:18:34
1575300027.0964234,32.0,15:20:27.096423,15:20:27
1575300027.1466274,32.0,15:20:27.146627,15:20:27
1575300027.1967525,32.0,15:20:27.196753,15:20:27
1575300028.7509153,48.0,15:20:28.750915,15:20:28
1575300028.8023555,48.0,15:20:28.802356,15:20:28
1575300028.8524985,48.0,15:20:28.852499,15:20:28
1575300028.9026382,32.0,15:20:28.902638,15:20:28
1575300028.9527767,32.0,15:20:28.952777,15:20:28
1575300029.002907,32.0,15:20:29.002907,15:20:29
1575300030.5569599,32.0,15:20:30.556960,15:20:30
1575300030.607088,32.0,15:20:30.607088,15:20:30
1575300030.6572185,32.0,15:20:30.657218,15:20:30
1575300030.7073436,32.0,15:20:30.707344,15:20:30
1575300030.7574785,32.0,15:20:30.757478,15:20:30
1575300040.0357215,32.0,15:20:40.035722,15:20:40
1575300040.0858574,32.0,15:20:40.085857,15:20:40
1575300040.1360385,32.0,15:20:40.136039,15:20:40
1575300077.2972806,32.0,15:21:17.297281,15:21:17
1575300077.3474145,32.0,15:21:17.347414,15:21:17
1575300077.397548,32.0,15:21:17.397548,15:21:17
1575300185.1332345,32.0,15:23:05.133235,15:23:05
1575300185.183393,48.0,15:23:05.183393,15:23:05
1575300185.2335296,48.0,15:23:05.233530,15:23:05
1575300185.2836628,48.0,15:23:05.283663,15:23:05
1575300185.333789,32.0,15:23:05.333789,15:23:05
1575300185.3839471,32.0,15:23:05.383947,15:23:05
1575300185.5343955,32.0,15:23:05.534395,15:23:05
1575300185.584528,32.0,15:23:05.584528,15:23:05
1575300185.6346624,32.0,15:23:05.634662,15:23:05
1575300185.684791,32.0,15:23:05.684791,15:23:05
1575300185.987515,32.0,15:23:05.987515,15:23:05
1575300186.0376449,32.0,15:23:06.037645,15:23:06
1575300186.089113,32.0,15:23:06.089113,15:23:06
1575300189.799475,32.0,15:23:09.799475,15:23:09
1575300189.8496027,32.0,15:23:09.849603,15:23:09
1575300189.8997507,32.0,15:23:09.899751,15:23:09
1575300333.257344,32.0,15:25:33.257344,15:25:33
1575300333.3074818,32.0,15:25:33.307482,15:25:33
1575300333.3576665,32.0,15:25:33.357666,15:25:33
1575300334.3105302,32.0,15:25:34.310530,15:25:34
1575300334.360665,32.0,15:25:34.360665,15:25:34
1575300334.45026,32.0,15:25:34.450260,15:25:34
1575300335.4530454,32.0,15:25:35.453045,15:25:35
1575300335.5031786,32.0,15:25:35.503179,15:25:35
1575300335.5612116,32.0,15:25:35.561212,15:25:35
1575300335.6113386,32.0,15:25:35.611339,15:25:35
1575300537.6637444,32.0,15:28:57.663744,15:28:57
1575300537.7138715,32.0,15:28:57.713871,15:28:57
1575300537.764078,32.0,15:28:57.764078,15:28:57
1575300538.616713,32.0,15:28:58.616713,15:28:58
1575300538.6668375,32.0,15:28:58.666837,15:28:58
1575300538.7169638,32.0,15:28:58.716964,15:28:58
1575300538.7670898,32.0,15:28:58.767090,15:28:58
1575300539.0679705,48.0,15:28:59.067971,15:28:59
1575300539.118096,48.0,15:28:59.118096,15:28:59
1575300539.1682224,48.0,15:28:59.168222,15:28:59
1575300539.2183466,48.0,15:28:59.218347,15:28:59
1575300540.2213228,32.0,15:29:00.221323,15:29:00
1575300540.271452,32.0,15:29:00.271452,15:29:00
1575300540.3215759,32.0,15:29:00.321576,15:29:00
1575300542.678184,32.0,15:29:02.678184,15:29:02
1575300542.7289774,32.0,15:29:02.728977,15:29:02
1575300542.779119,32.0,15:29:02.779119,15:29:02
1575300542.8340795,32.0,15:29:02.834080,15:29:02
1575300543.235252,48.0,15:29:03.235252,15:29:03
1575300543.285571,80.0,15:29:03.285571,15:29:03
1575300543.335707,80.0,15:29:03.335707,15:29:03
1575300543.3858466,48.0,15:29:03.385847,15:29:03
1575300543.4359806,32.0,15:29:03.435981,15:29:03
1575300543.837099,80.0,15:29:03.837099,15:29:03
1575300543.8872359,48.0,15:29:03.887236,15:29:03
1575300543.9373627,48.0,15:29:03.937363,15:29:03
1575300543.9875026,48.0,15:29:03.987503,15:29:03
1575300544.03764,32.0,15:29:04.037640,15:29:04
1575300544.1880474,32.0,15:29:04.188047,15:29:04
1575300544.3384495,32.0,15:29:04.338449,15:29:04
1575300544.3886595,32.0,15:29:04.388659,15:29:04
1575300544.4388034,48.0,15:29:04.438803,15:29:04
1575300544.4891164,48.0,15:29:04.489116,15:29:04
1575300544.5392554,64.0,15:29:04.539255,15:29:04
1575300544.5893946,64.0,15:29:04.589395,15:29:04
1575300544.641161,64.0,15:29:04.641161,15:29:04
1575300544.6913035,64.0,15:29:04.691303,15:29:04
1575300544.74143,48.0,15:29:04.741430,15:29:04
1575300544.7915733,32.0,15:29:04.791573,15:29:04
1575300544.841709,32.0,15:29:04.841709,15:29:04
1575300544.9921305,32.0,15:29:04.992131,15:29:04
1575300545.042267,32.0,15:29:05.042267,15:29:05
1575300545.0924096,32.0,15:29:05.092410,15:29:05
1575300545.1425571,32.0,15:29:05.142557,15:29:05
1575300545.192698,32.0,15:29:05.192698,15:29:05
1575300545.2428422,32.0,15:29:05.242842,15:29:05
1575300565.0479245,32.0,15:29:25.047925,15:29:25
1575300565.098078,32.0,15:29:25.098078,15:29:25
1575300565.1482186,32.0,15:29:25.148219,15:29:25
1575300570.8229325,32.0,15:29:30.822932,15:29:30
1575300570.873069,32.0,15:29:30.873069,15:29:30
1575300570.9231944,32.0,15:29:30.923194,15:29:30
1575300570.973332,32.0,15:29:30.973332,15:29:30
1575300573.0319672,32.0,15:29:33.031967,15:29:33
1575300573.0820992,48.0,15:29:33.082099,15:29:33
1575300573.132275,48.0,15:29:33.132275,15:29:33
1575300573.1824114,48.0,15:29:33.182411,15:29:33
1575300573.2325428,48.0,15:29:33.232543,15:29:33
1575300573.2826908,32.0,15:29:33.282691,15:29:33
1575300573.6840265,32.0,15:29:33.684026,15:29:33
1575300573.734198,32.0,15:29:33.734198,15:29:33
1575300573.7843316,32.0,15:29:33.784332,15:29:33
1575300574.1854386,32.0,15:29:34.185439,15:29:34
1575300574.2355676,32.0,15:29:34.235568,15:29:34
1575300574.2856946,32.0,15:29:34.285695,15:29:34
1575300574.335822,32.0,15:29:34.335822,15:29:34
1575300574.385952,32.0,15:29:34.385952,15:29:34
1575300574.7368774,48.0,15:29:34.736877,15:29:34
1575300574.7870095,48.0,15:29:34.787009,15:29:34
1575300574.8371415,48.0,15:29:34.837142,15:29:34
1575300574.8875012,32.0,15:29:34.887501,15:29:34
1575300829.2476351,32.0,15:33:49.247635,15:33:49
1575300829.297771,32.0,15:33:49.297771,15:33:49
1575300829.3514931,32.0,15:33:49.351493,15:33:49
1575300842.2429285,32.0,15:34:02.242929,15:34:02
1575300842.2930534,32.0,15:34:02.293053,15:34:02
1575300842.343267,32.0,15:34:02.343267,15:34:02
1575300846.8054,32.0,15:34:06.805400,15:34:06
1575300846.855526,32.0,15:34:06.855526,15:34:06
1575300846.9056535,32.0,15:34:06.905653,15:34:06
1575300895.0742242,32.0,15:34:55.074224,15:34:55
1575300895.1254325,32.0,15:34:55.125432,15:34:55
1575300942.825749,32.0,15:35:42.825749,15:35:42
1575300942.8758745,32.0,15:35:42.875875,15:35:42
1575300942.9260032,32.0,15:35:42.926003,15:35:42
1575300942.9761298,32.0,15:35:42.976130,15:35:42
1575300943.3773222,32.0,15:35:43.377322,15:35:43
1575300943.4274485,48.0,15:35:43.427449,15:35:43
1575300943.477576,48.0,15:35:43.477576,15:35:43
1575300943.527774,48.0,15:35:43.527774,15:35:43
1575300943.577914,32.0,15:35:43.577914,15:35:43
1575300947.1379092,32.0,15:35:47.137909,15:35:47
1575300947.2354205,32.0,15:35:47.235420,15:35:47
1575300953.2212512,32.0,15:35:53.221251,15:35:53
1575300961.6459005,32.0,15:36:01.645900,15:36:01
1575300961.6960378,32.0,15:36:01.696038,15:36:01
1575300961.746172,32.0,15:36:01.746172,15:36:01
1575300961.7963073,32.0,15:36:01.796307,15:36:01
1575300961.8464394,32.0,15:36:01.846439,15:36:01
1575300962.9996238,32.0,15:36:02.999624,15:36:02
1575300963.0497544,32.0,15:36:03.049754,15:36:03
1575300963.4509025,32.0,15:36:03.450902,15:36:03
1575300963.5010324,32.0,15:36:03.501032,15:36:03
1575300963.5511644,32.0,15:36:03.551164,15:36:03
1575300964.8548074,32.0,15:36:04.854807,15:36:04
1575300964.9049337,32.0,15:36:04.904934,15:36:04
1575300965.8575525,32.0,15:36:05.857553,15:36:05
1575300965.907678,32.0,15:36:05.907678,15:36:05
1575300965.957807,32.0,15:36:05.957807,15:36:05
1575300996.59757,32.0,15:36:36.597570,15:36:36
1575300996.6624196,32.0,15:36:36.662420,15:36:36
1575300996.7125547,32.0,15:36:36.712555,15:36:36
1575300997.113591,32.0,15:36:37.113591,15:36:37
1575300997.1637242,32.0,15:36:37.163724,15:36:37
1575300997.2138615,32.0,15:36:37.213861,15:36:37
1575300997.2640011,32.0,15:36:37.264001,15:36:37
1575300997.3141446,32.0,15:36:37.314145,15:36:37
1575300997.3642793,32.0,15:36:37.364279,15:36:37
1575300997.4157605,32.0,15:36:37.415761,15:36:37
1575300997.4658954,32.0,15:36:37.465895,15:36:37
1575300997.5160384,32.0,15:36:37.516038,15:36:37
1575300997.5662606,32.0,15:36:37.566261,15:36:37
1575300997.766791,32.0,15:36:37.766791,15:36:37
1575300997.9171894,32.0,15:36:37.917189,15:36:37
1575300998.0675545,32.0,15:36:38.067554,15:36:38
1575300998.1176836,32.0,15:36:38.117684,15:36:38
1575300998.1678188,48.0,15:36:38.167819,15:36:38
1575300998.21795,48.0,15:36:38.217950,15:36:38
1575300998.2680829,48.0,15:36:38.268083,15:36:38
1575300998.31821,32.0,15:36:38.318210,15:36:38
1575300998.3683393,32.0,15:36:38.368339,15:36:38
1575300999.2207818,32.0,15:36:39.220782,15:36:39
1575300999.2722814,32.0,15:36:39.272281,15:36:39
1575300999.3235786,32.0,15:36:39.323579,15:36:39
1575300999.3736324,32.0,15:36:39.373632,15:36:39
1575301000.5265398,32.0,15:36:40.526540,15:36:40
1575301000.5766635,32.0,15:36:40.576663,15:36:40
1575301000.6267946,32.0,15:36:40.626795,15:36:40
1575301000.6769302,32.0,15:36:40.676930,15:36:40
1575301001.2785525,48.0,15:36:41.278553,15:36:41
1575301001.3286777,48.0,15:36:41.328678,15:36:41
1575301001.378807,32.0,15:36:41.378807,15:36:41
1575301001.428933,32.0,15:36:41.428933,15:36:41
1575301001.4790561,32.0,15:36:41.479056,15:36:41
1575301001.5291831,32.0,15:36:41.529183,15:36:41
1575301001.579311,32.0,15:36:41.579311,15:36:41
1575301001.6294394,32.0,15:36:41.629439,15:36:41
1575301001.6795714,32.0,15:36:41.679571,15:36:41
1575301001.9803607,32.0,15:36:41.980361,15:36:41
1575301002.1307473,32.0,15:36:42.130747,15:36:42
1575301002.1808784,48.0,15:36:42.180878,15:36:42
1575301002.23101,32.0,15:36:42.231010,15:36:42
1575301002.2811403,32.0,15:36:42.281140,15:36:42
1575301002.4816828,48.0,15:36:42.481683,15:36:42
1575301002.5318096,48.0,15:36:42.531810,15:36:42
1575301002.5821798,48.0,15:36:42.582180,15:36:42
1575301002.6323187,96.0,15:36:42.632319,15:36:42
1575301002.6824539,48.0,15:36:42.682454,15:36:42
1575301002.7325912,32.0,15:36:42.732591,15:36:42
1575301002.7827225,32.0,15:36:42.782722,15:36:42
1575301002.8328555,32.0,15:36:42.832855,15:36:42
1575301003.0333695,32.0,15:36:43.033370,15:36:43
1575301003.0835092,32.0,15:36:43.083509,15:36:43
1575301003.1336427,32.0,15:36:43.133643,15:36:43
1575301003.1837757,32.0,15:36:43.183776,15:36:43
1575301003.2339106,64.0,15:36:43.233911,15:36:43
1575301003.2840495,128.0,15:36:43.284050,15:36:43
1575301003.334185,96.0,15:36:43.334185,15:36:43
1575301003.3843205,96.0,15:36:43.384320,15:36:43
1575301003.4344542,96.0,15:36:43.434454,15:36:43
1575301003.484587,96.0,15:36:43.484587,15:36:43
1575301003.5347233,96.0,15:36:43.534723,15:36:43
1575301003.5848587,112.0,15:36:43.584859,15:36:43
1575301003.6350017,112.0,15:36:43.635002,15:36:43
1575301003.685127,112.0,15:36:43.685127,15:36:43
1575301003.7354894,80.0,15:36:43.735489,15:36:43
1575301003.7856405,48.0,15:36:43.785640,15:36:43
1575301003.835788,48.0,15:36:43.835788,15:36:43
1575301003.8859205,32.0,15:36:43.885921,15:36:43
1575301004.0864894,32.0,15:36:44.086489,15:36:44
1575301004.1366348,64.0,15:36:44.136635,15:36:44
1575301004.186767,64.0,15:36:44.186767,15:36:44
1575301004.2368975,64.0,15:36:44.236897,15:36:44
1575301004.2870278,32.0,15:36:44.287028,15:36:44
1575301004.3371608,32.0,15:36:44.337161,15:36:44
1575301004.6380205,32.0,15:36:44.638021,15:36:44
1575301004.68826,32.0,15:36:44.688260,15:36:44
1575301004.7946436,40.0,15:36:44.794644,15:36:44
1575301004.9308515,48.0,15:36:44.930851,15:36:44
1575301005.1134984,80.0,15:36:45.113498,15:36:45
1575301005.1987715,48.0,15:36:45.198771,15:36:45
1575301005.337807,32.0,15:36:45.337807,15:36:45
1575301005.5194914,48.0,15:36:45.519491,15:36:45
1575301005.6100442,48.0,15:36:45.610044,15:36:45
1575301005.7385988,48.0,15:36:45.738599,15:36:45
1575301005.8288546,48.0,15:36:45.828855,15:36:45
1575301005.9853554,24.0,15:36:45.985355,15:36:45
1575301006.4102886,64.0,15:36:46.410289,15:36:46
1575301006.4604206,64.0,15:36:46.460421,15:36:46
1575301006.6198952,32.0,15:36:46.619895,15:36:46
1575301006.835648,32.0,15:36:46.835648,15:36:46
1575301006.941056,32.0,15:36:46.941056,15:36:46
1575301007.1615598,32.0,15:36:47.161560,15:36:47
1575301007.5423002,32.0,15:36:47.542300,15:36:47
1575301007.6953855,112.0,15:36:47.695385,15:36:47
1575301007.9372175,32.0,15:36:47.937217,15:36:47
1575301008.093532,24.0,15:36:48.093532,15:36:48
1575301008.1436632,24.0,15:36:48.143663,15:36:48
1575301008.193799,24.0,15:36:48.193799,15:36:48
1575301008.2439306,32.0,15:36:48.243931,15:36:48
1575301008.2940655,32.0,15:36:48.294065,15:36:48
1575301008.3441966,32.0,15:36:48.344197,15:36:48
1575301008.3943336,32.0,15:36:48.394334,15:36:48
1575301008.444465,32.0,15:36:48.444465,15:36:48
1575301008.4945936,32.0,15:36:48.494594,15:36:48
1575301008.5447233,32.0,15:36:48.544723,15:36:48
1575301008.594851,80.0,15:36:48.594851,15:36:48
1575301008.644982,80.0,15:36:48.644982,15:36:48
1575301008.6951106,80.0,15:36:48.695111,15:36:48
1575301008.7452528,64.0,15:36:48.745253,15:36:48
1575301008.79538,32.0,15:36:48.795380,15:36:48
1575301009.4472075,32.0,15:36:49.447207,15:36:49
1575301009.4973438,32.0,15:36:49.497344,15:36:49
1575301009.5474813,32.0,15:36:49.547481,15:36:49
1575301010.3504052,48.0,15:36:50.350405,15:36:50
1575301010.400534,64.0,15:36:50.400534,15:36:50
1575301010.450658,64.0,15:36:50.450658,15:36:50
1575301010.5007825,64.0,15:36:50.500782,15:36:50
1575301010.5509074,48.0,15:36:50.550907,15:36:50
1575301010.6010528,32.0,15:36:50.601053,15:36:50
1575301010.8517725,32.0,15:36:50.851773,15:36:50
1575301010.9018993,32.0,15:36:50.901899,15:36:50
1575301082.828969,32.0,15:38:02.828969,15:38:02
1575301082.8790946,32.0,15:38:02.879095,15:38:02
1575301082.9292204,32.0,15:38:02.929220,15:38:02
1575301082.9793465,32.0,15:38:02.979347,15:38:02
1575301084.2829595,64.0,15:38:04.282959,15:38:04
1575301084.3330948,64.0,15:38:04.333095,15:38:04
1575301084.383223,64.0,15:38:04.383223,15:38:04
1575301084.4333522,32.0,15:38:04.433352,15:38:04
1575301089.64845,48.0,15:38:09.648450,15:38:09
1575301089.6986988,48.0,15:38:09.698699,15:38:09
1575301089.7488234,48.0,15:38:09.748823,15:38:09
1575301089.798958,48.0,15:38:09.798958,15:38:09
1575301089.8491032,32.0,15:38:09.849103,15:38:09
1575301090.7012546,48.0,15:38:10.701255,15:38:10
1575301090.7513866,48.0,15:38:10.751387,15:38:10
1575301090.8015134,48.0,15:38:10.801513,15:38:10
1575301091.403057,32.0,15:38:11.403057,15:38:11
1575301091.453193,32.0,15:38:11.453193,15:38:11
1575301091.904365,48.0,15:38:11.904365,15:38:11
1575301091.9544954,48.0,15:38:11.954495,15:38:11
1575301092.0046234,48.0,15:38:12.004623,15:38:12
1575301092.0547495,32.0,15:38:12.054749,15:38:12
1575301092.9570506,32.0,15:38:12.957051,15:38:12
1575301093.0071814,32.0,15:38:13.007181,15:38:13
1575301093.057323,32.0,15:38:13.057323,15:38:13
1575301150.7749784,32.0,15:39:10.774978,15:39:10
1575301150.825108,32.0,15:39:10.825108,15:39:10
1575301150.8752375,32.0,15:39:10.875237,15:39:10
1575301181.7143393,32.0,15:39:41.714339,15:39:41
1575301181.864758,32.0,15:39:41.864758,15:39:41
1575301182.2658575,32.0,15:39:42.265857,15:39:42
1575301182.3159902,32.0,15:39:42.315990,15:39:42
1575301182.3661265,32.0,15:39:42.366127,15:39:42
1575301182.416258,32.0,15:39:42.416258,15:39:42
1575301183.2685301,32.0,15:39:43.268530,15:39:43
1575301183.3187132,32.0,15:39:43.318713,15:39:43
1575301183.3689973,32.0,15:39:43.368997,15:39:43
1575301183.4191241,32.0,15:39:43.419124,15:39:43
1575301183.4692574,32.0,15:39:43.469257,15:39:43
1575301183.5193868,32.0,15:39:43.519387,15:39:43
1575301183.5695212,32.0,15:39:43.569521,15:39:43
1575301183.6196508,32.0,15:39:43.619651,15:39:43
1575301183.6697855,32.0,15:39:43.669785,15:39:43
1575301183.7199173,32.0,15:39:43.719917,15:39:43
1575301183.7700536,32.0,15:39:43.770054,15:39:43
1575301247.672748,32.0,15:40:47.672748,15:40:47
1575301247.781002,32.0,15:40:47.781002,15:40:47
1575301315.7685778,32.0,15:41:55.768578,15:41:55
1575301315.8187034,32.0,15:41:55.818703,15:41:55
1575301315.8688278,32.0,15:41:55.868828,15:41:55
1575301391.2890182,32.0,15:43:11.289018,15:43:11
1575301391.3391538,32.0,15:43:11.339154,15:43:11
1575301391.3892837,32.0,15:43:11.389284,15:43:11
1575301397.8072677,32.0,15:43:17.807268,15:43:17
1575301398.1581106,32.0,15:43:18.158111,15:43:18
1575301398.2082407,32.0,15:43:18.208241,15:43:18
1575301398.2583663,32.0,15:43:18.258366,15:43:18
1575301398.9101026,32.0,15:43:18.910103,15:43:18
1575301398.9602268,32.0,15:43:18.960227,15:43:18
1575301399.0103548,32.0,15:43:19.010355,15:43:19
1575301399.3110886,32.0,15:43:19.311089,15:43:19
1575301399.3612185,48.0,15:43:19.361218,15:43:19
1575301399.4113529,48.0,15:43:19.411353,15:43:19
1575301399.461485,32.0,15:43:19.461485,15:43:19
1575301446.5958648,32.0,15:44:06.595865,15:44:06
1575301446.6459885,32.0,15:44:06.645988,15:44:06
1575301446.696111,32.0,15:44:06.696111,15:44:06
1575301446.7462347,32.0,15:44:06.746235,15:44:06
1575301446.796362,32.0,15:44:06.796362,15:44:06
1575301447.1474519,32.0,15:44:07.147452,15:44:07
1575301447.1975715,32.0,15:44:07.197572,15:44:07
1575301447.2476952,32.0,15:44:07.247695,15:44:07
1575301510.5496485,32.0,15:45:10.549649,15:45:10
1575301510.5997946,32.0,15:45:10.599795,15:45:10
1575301510.6502323,32.0,15:45:10.650232,15:45:10
1575301684.741216,32.0,15:48:04.741216,15:48:04
1575301684.7913525,32.0,15:48:04.791353,15:48:04
1575301684.8414798,32.0,15:48:04.841480,15:48:04
1575301975.7455044,32.0,15:52:55.745504,15:52:55
1575301975.7957225,32.0,15:52:55.795722,15:52:55
1575301975.8458862,32.0,15:52:55.845886,15:52:55
1575301975.8960118,32.0,15:52:55.896012,15:52:55
1575302058.1463132,32.0,15:54:18.146313,15:54:18
1575302058.204508,32.0,15:54:18.204508,15:54:18
1575302058.2547636,32.0,15:54:18.254764,15:54:18
1575302058.304897,32.0,15:54:18.304897,15:54:18
1575302058.35503,32.0,15:54:18.355030,15:54:18
1575302058.8062894,32.0,15:54:18.806289,15:54:18
1575302058.887452,96.0,15:54:18.887452,15:54:18
1575302058.93758,96.0,15:54:18.937580,15:54:18
1575302058.9877062,96.0,15:54:18.987706,15:54:18
1575302059.0378404,64.0,15:54:19.037840,15:54:19
1575302059.0879712,32.0,15:54:19.087971,15:54:19
1575302059.1381006,32.0,15:54:19.138101,15:54:19
1575302060.7928774,32.0,15:54:20.792877,15:54:20
1575302060.8430033,32.0,15:54:20.843003,15:54:20
1575302060.8931408,32.0,15:54:20.893141,15:54:20
1575302060.9432669,32.0,15:54:20.943267,15:54:20
1575302278.7370574,64.0,15:57:58.737057,15:57:58
1575302278.7893198,64.0,15:57:58.789320,15:57:58
1575302278.8394608,64.0,15:57:58.839461,15:57:58
1575302278.8896015,32.0,15:57:58.889601,15:57:58
1575302279.491657,48.0,15:57:59.491657,15:57:59
1575302279.5418105,48.0,15:57:59.541811,15:57:59
1575302279.5921412,48.0,15:57:59.592141,15:57:59
1575302280.2945724,32.0,15:58:00.294572,15:58:00
1575302280.3447034,32.0,15:58:00.344703,15:58:00
1575302280.7959952,32.0,15:58:00.795995,15:58:00
1575302300.150819,32.0,15:58:20.150819,15:58:20
1575302300.2009494,48.0,15:58:20.200949,15:58:20
1575302300.2512074,48.0,15:58:20.251207,15:58:20
1575302300.3013358,48.0,15:58:20.301336,15:58:20
1575302300.351463,32.0,15:58:20.351463,15:58:20
1575302300.4015908,32.0,15:58:20.401591,15:58:20
1575302300.4517696,32.0,15:58:20.451770,15:58:20
1575302300.5018964,32.0,15:58:20.501896,15:58:20
1575302300.5520349,32.0,15:58:20.552035,15:58:20
1575302300.602175,32.0,15:58:20.602175,15:58:20
1575302300.652302,32.0,15:58:20.652302,15:58:20
1575302300.70243,32.0,15:58:20.702430,15:58:20
1575302300.752556,32.0,15:58:20.752556,15:58:20
1575302300.8026822,32.0,15:58:20.802682,15:58:20
1575302300.8528078,32.0,15:58:20.852808,15:58:20
1575302300.9029336,32.0,15:58:20.902934,15:58:20
1575302300.9530616,32.0,15:58:20.953062,15:58:20
1575302301.0031893,48.0,15:58:21.003189,15:58:21
1575302301.0533154,48.0,15:58:21.053315,15:58:21
1575302301.1034427,48.0,15:58:21.103443,15:58:21
1575302301.1535695,32.0,15:58:21.153569,15:58:21
1575302301.203693,32.0,15:58:21.203693,15:58:21
1575302301.2538145,32.0,15:58:21.253814,15:58:21
1575302301.3039436,32.0,15:58:21.303944,15:58:21
1575302301.389612,32.0,15:58:21.389612,15:58:21
1575302301.4398186,32.0,15:58:21.439819,15:58:21
1575302301.494399,32.0,15:58:21.494399,15:58:21
1575302365.3862028,32.0,15:59:25.386203,15:59:25
1575302365.436326,48.0,15:59:25.436326,15:59:25
1575302365.4864516,48.0,15:59:25.486452,15:59:25
1575302365.536575,48.0,15:59:25.536575,15:59:25
1575302365.5866988,32.0,15:59:25.586699,15:59:25
1575302369.3490665,32.0,15:59:29.349066,15:59:29
1575302369.3993394,32.0,15:59:29.399339,15:59:29
1575302369.4494407,32.0,15:59:29.449441,15:59:29
1575302451.3074107,32.0,16:00:51.307411,16:00:51
1575302451.3575382,32.0,16:00:51.357538,16:00:51
1575302451.4077961,32.0,16:00:51.407796,16:00:51
1575302451.4579275,32.0,16:00:51.457927,16:00:51
1575302451.5080502,32.0,16:00:51.508050,16:00:51
1575302451.55818,32.0,16:00:51.558180,16:00:51
1575302451.708548,32.0,16:00:51.708548,16:00:51
1575302451.7586775,32.0,16:00:51.758677,16:00:51
1575302451.8088045,32.0,16:00:51.808805,16:00:51
1575302451.8589368,32.0,16:00:51.858937,16:00:51
1575302452.1597571,32.0,16:00:52.159757,16:00:52
1575302452.2098947,32.0,16:00:52.209895,16:00:52
1575302452.2600338,32.0,16:00:52.260034,16:00:52
1575302452.317996,32.0,16:00:52.317996,16:00:52
1575302454.273351,32.0,16:00:54.273351,16:00:54
1575302454.3234804,32.0,16:00:54.323480,16:00:54
1575302454.373616,32.0,16:00:54.373616,16:00:54
1575302455.175916,32.0,16:00:55.175916,16:00:55
1575302455.2260404,32.0,16:00:55.226040,16:00:55
1575302455.2761836,32.0,16:00:55.276184,16:00:55
1575302455.3263555,32.0,16:00:55.326355,16:00:55
1575302456.3796759,32.0,16:00:56.379676,16:00:56
1575302456.7808814,32.0,16:00:56.780881,16:00:56
1575302456.8310485,32.0,16:00:56.831048,16:00:56
1575302456.8811715,32.0,16:00:56.881171,16:00:56
1575302457.633182,32.0,16:00:57.633182,16:00:57
1575302457.7334735,32.0,16:00:57.733474,16:00:57
1575302457.7836006,32.0,16:00:57.783601,16:00:57
1575302457.8337278,32.0,16:00:57.833728,16:00:57
1575302461.0927944,32.0,16:01:01.092794,16:01:01
1575302461.1429837,32.0,16:01:01.142984,16:01:01
1575302461.1931682,32.0,16:01:01.193168,16:01:01
1575302461.2432964,32.0,16:01:01.243296,16:01:01
1575302461.6968975,32.0,16:01:01.696898,16:01:01
1575302461.747025,32.0,16:01:01.747025,16:01:01
1575302461.797151,32.0,16:01:01.797151,16:01:01
1575302461.8472905,32.0,16:01:01.847291,16:01:01
1575302461.8974178,32.0,16:01:01.897418,16:01:01
1575302462.3486633,32.0,16:01:02.348663,16:01:02
1575302462.3987956,48.0,16:01:02.398796,16:01:02
1575302462.4489274,48.0,16:01:02.448927,16:01:02
1575302462.4990587,32.0,16:01:02.499059,16:01:02
1575302462.5491884,32.0,16:01:02.549188,16:01:02
1575302462.8499713,32.0,16:01:02.849971,16:01:02
1575302462.9001045,32.0,16:01:02.900105,16:01:02
1575302462.9502373,32.0,16:01:02.950237,16:01:02
1575302463.0003748,32.0,16:01:03.000375,16:01:03
1575302463.0505106,32.0,16:01:03.050511,16:01:03
1575302463.1006465,32.0,16:01:03.100646,16:01:03
1575302463.1507814,32.0,16:01:03.150781,16:01:03
1575302463.251058,32.0,16:01:03.251058,16:01:03
1575302463.702268,32.0,16:01:03.702268,16:01:03
1575302464.103327,48.0,16:01:04.103327,16:01:04
1575302464.1534612,48.0,16:01:04.153461,16:01:04
1575302464.2035859,48.0,16:01:04.203586,16:01:04
1575302464.2537227,48.0,16:01:04.253723,16:01:04
1575302464.303848,48.0,16:01:04.303848,16:01:04
1575302464.3539796,48.0,16:01:04.353980,16:01:04
1575302464.4041092,48.0,16:01:04.404109,16:01:04
1575302464.4542375,64.0,16:01:04.454237,16:01:04
1575302464.5043685,64.0,16:01:04.504369,16:01:04
1575302464.5545034,64.0,16:01:04.554503,16:01:04
1575302464.6046321,64.0,16:01:04.604632,16:01:04
1575302464.6547642,32.0,16:01:04.654764,16:01:04
1575302464.8552911,32.0,16:01:04.855291,16:01:04
1575302464.9054205,32.0,16:01:04.905421,16:01:04
1575302464.9555454,32.0,16:01:04.955545,16:01:04
1575302465.0056727,32.0,16:01:05.005673,16:01:05
1575302465.0558753,32.0,16:01:05.055875,16:01:05
1575302465.106001,32.0,16:01:05.106001,16:01:05
1575302465.1561425,32.0,16:01:05.156142,16:01:05
1575302465.2062838,32.0,16:01:05.206284,16:01:05
1575302465.2564092,32.0,16:01:05.256409,16:01:05
1575302465.3065488,32.0,16:01:05.306549,16:01:05
1575302465.3566859,32.0,16:01:05.356686,16:01:05
1575302465.406824,32.0,16:01:05.406824,16:01:05
1575302465.8079329,32.0,16:01:05.807933,16:01:05
1575302465.858074,32.0,16:01:05.858074,16:01:05
1575302465.9583442,32.0,16:01:05.958344,16:01:05
1575302466.008477,32.0,16:01:06.008477,16:01:06
1575302466.108893,32.0,16:01:06.108893,16:01:06
1575302466.1590333,32.0,16:01:06.159033,16:01:06
1575302466.2091696,32.0,16:01:06.209170,16:01:06
1575302466.259332,32.0,16:01:06.259332,16:01:06
1575302466.309532,32.0,16:01:06.309532,16:01:06
1575302466.3596568,32.0,16:01:06.359657,16:01:06
1575302466.7607,32.0,16:01:06.760700,16:01:06
1575302466.8108258,32.0,16:01:06.810826,16:01:06
1575302466.8609545,32.0,16:01:06.860955,16:01:06
1575302466.9110794,32.0,16:01:06.911079,16:01:06
1575302466.9612038,32.0,16:01:06.961204,16:01:06
1575302474.4824386,32.0,16:01:14.482439,16:01:14
1575302474.5325663,32.0,16:01:14.532566,16:01:14
1575302476.738599,32.0,16:01:16.738599,16:01:16
1575302476.788726,32.0,16:01:16.788726,16:01:16
1575302477.590916,32.0,16:01:17.590916,16:01:17
1575302477.6410415,32.0,16:01:17.641042,16:01:17
1575302477.69117,32.0,16:01:17.691170,16:01:17
1575302554.576622,48.0,16:02:34.576622,16:02:34
1575302554.6267893,48.0,16:02:34.626789,16:02:34
1575302555.2791376,32.0,16:02:35.279138,16:02:35
1575302555.329916,32.0,16:02:35.329916,16:02:35
1575302555.3800983,32.0,16:02:35.380098,16:02:35
